[
    {
        "file": [
            {
                "height": 1200,
                "key": "data/images/wishlists/",
                "localStorage": "",
                "remoteStorage": "lyka-legacy-images-input",
                "type": "image",
                "width": 960
            }
        ],
        "title": "Hooray for today ",
        "content": "-I love it!",
        "fname": "quote1.JPG"
    },
    {
        "file": [
            {
                "height": 1200,
                "key": "data/images/wishlists/",
                "localStorage": "",
                "remoteStorage": "lyka-legacy-images-input",
                "type": "image",
                "width": 960
            }
        ],
        "title": "The big lesson in life ",
        "content": "-The big lesson in life, baby, is never be scared of anyone or anything.– Frank Sinatra",
        "fname": "Lesson.JPG"
    },
    {
        "file": [
            {
                "height": 1200,
                "key": "data/images/wishlists/",
                "localStorage": "",
                "remoteStorage": "lyka-legacy-images-input",
                "type": "image",
                "width": 960
            }
        ],
        "title": "Inhale Exhale and Repeat After Me ",
        "content": "Best Quotes About Life",
        "fname": "bquotes.JPG"
    },
    {
        "file": [
            {
                "height": 1200,
                "key": "data/images/wishlists/",
                "localStorage": "",
                "remoteStorage": "lyka-legacy-images-input",
                "type": "image",
                "width": 960
            }
        ],
        "title": "Purpose of our lives ",
        "content": "The purpose of our lives is to be happy. - Dalai Lama",
        "fname": "Purpose.JPG"
    },
    {
        "file": [
            {
                "height": 1200,
                "key": "data/images/wishlists/",
                "localStorage": "",
                "remoteStorage": "lyka-legacy-images-input",
                "type": "image",
                "width": 960
            }
        ],
        "title": "Life is what happens ",
        "content": "Life is what happens when you’re busy making other plans. — John Lennon",
        "fname": "Lifehappens.JPG"
    },
    {
        "file": [
            {
                "height": 1200,
                "key": "data/images/wishlists/",
                "localStorage": "",
                "remoteStorage": "lyka-legacy-images-input",
                "type": "image",
                "width": 960
            }
        ],
        "title": "busy? Check this ",
        "content": "Get busy living or get busy dying. - Stephen King",
        "fname": "busy.JPG"
    },
    {
        "file": [
            {
                "height": 1200,
                "key": "data/images/wishlists/",
                "localStorage": "",
                "remoteStorage": "lyka-legacy-images-input",
                "type": "image",
                "width": 960
            }
        ],
        "title": "YOLO in 2021 ",
        "content": "-You only live once, but if you do it right, once is enough. — Mae West",
        "fname": "yolo.JPG"
    },
    {
        "file": [
            {
                "height": 1200,
                "key": "data/images/wishlists/",
                "localStorage": "",
                "remoteStorage": "lyka-legacy-images-input",
                "type": "image",
                "width": 960
            }
        ],
        "title": "live a happy life ",
        "content": "-If you want to live a happy life, tie it to a goal, not to people or things. – Albert Einstein",
        "fname": "living.JPG"
    },
    {
        "file": [
            {
                "height": 1200,
                "key": "data/images/wishlists/",
                "localStorage": "",
                "remoteStorage": "lyka-legacy-images-input",
                "type": "image",
                "width": 960
            }
        ],
        "title": "Never let the fear ",
        "content": " Never let the fear of striking out keep you from playing the game. - Babe Ruth",
        "fname": "fear.JPG"
    },
    {
        "file": [
            {
                "height": 1200,
                "key": "data/images/wishlists/",
                "localStorage": "",
                "remoteStorage": "lyka-legacy-images-input",
                "type": "image",
                "width": 960
            }
        ],
        "title": "Not how long! Definitely. ",
        "content": "Not how long, but how well you have lived is the main thing. - Seneca",
        "fname": "howLong.JPG"
    },
    {
        "file": [
            {
                "height": 1200,
                "key": "data/images/wishlists/",
                "localStorage": "",
                "remoteStorage": "lyka-legacy-images-input",
                "type": "image",
                "width": 960
            }
        ],
        "title": "Baby hit me one more time! ",
        "content": " Oh baby baby",
        "fname": "fearme.JPG"
    },
    {
        "file": [
            {
                "height": 1200,
                "key": "data/images/wishlists/",
                "localStorage": "",
                "remoteStorage": "lyka-legacy-images-input",
                "type": "image",
                "width": 960
            }
        ],
        "title": "Definitely ",
        "content": "Kami lang sakalam",
        "fname": "howLongg.JPG"
    },
    {
        "file": [
            {
                "height": 1200,
                "key": "data/images/wishlists/",
                "localStorage": "",
                "remoteStorage": "lyka-legacy-images-input",
                "type": "image",
                "width": 960
            }
        ],
        "title": "Baby hit me! ",
        "content": " Oh baby babybaby",
        "fname": "fearmeee.JPG"
    },
    {
        "file": [
            {
                "height": 1200,
                "key": "data/images/wishlists/",
                "localStorage": "",
                "remoteStorage": "lyka-legacy-images-input",
                "type": "image",
                "width": 960
            }
        ],
        "title": "Definit ",
        "content": "Kami lang sakalam",
        "fname": "howLongggg.JPG"
    }
    
]